{"stats":{"minecraft:picked_up":{"minecraft:crafting_table":1,"minecraft:stick":6,"projectvibrantjourneys:bark_mushroom":3,"minecraft:spruce_sapling":7,"minecraft:spruce_log":13,"minecraft:coal":8,"minecraft:cobblestone":10},"minecraft:custom":{"minecraft:time_since_rest":4955,"minecraft:crouch_one_cm":455,"minecraft:sprint_one_cm":1994,"minecraft:play_time":4955,"minecraft:walk_one_cm":9608,"minecraft:sneak_time":359,"minecraft:drop":1,"minecraft:jump":11,"minecraft:time_since_death":4955,"minecraft:total_world_time":4955,"minecraft:interact_with_crafting_table":2,"minecraft:fly_one_cm":2103},"minecraft:used":{"minecraft:stone_axe":10,"minecraft:crafting_table":1,"minecraft:stone_pickaxe":12,"minecraft:wooden_pickaxe":11},"minecraft:mined":{"projectvibrantjourneys:twigs":1,"minecraft:coal_ore":11,"projectvibrantjourneys:short_grass":1,"minecraft:stone_slab":1,"minecraft:spruce_leaves":2,"minecraft:spruce_log":13,"minecraft:stone":10,"minecraft:crafting_table":1},"minecraft:crafted":{"minecraft:stone_axe":1,"minecraft:crafting_table":1,"minecraft:spruce_planks":24,"minecraft:stick":8,"minecraft:wooden_pickaxe":1,"minecraft:stone_pickaxe":1},"minecraft:dropped":{"minecraft:wooden_pickaxe":1}},"DataVersion":3465}